dataset,folder,source,organism,sample_type,image_file,label_file,image_path,label_path,dimensions,spacing
4yv2h5us12g9p22d3a5g_1,Kedar_4yv2h,Kedar_4yv2h,4yv2h5us12g9p22d3a5g,1,4yv2h5US12G9P22d3A5g_1_im.h5,4yv2h5US12G9P22d3A5g_1_mito.h5,/projects/weilab/dataset/MitoLE/Kedar_4yv2h/4yv2h5US12G9P22d3A5g_1_im.h5,/projects/weilab/dataset/MitoLE/Kedar_4yv2h/4yv2h5US12G9P22d3A5g_1_mito.h5,"[256, 1024, 1024]","[16.0, 16.0, 16.0]"
4yv2h5us12g9p22d3a5g_2,Kedar_4yv2h,Kedar_4yv2h,4yv2h5us12g9p22d3a5g,2,4yv2h5US12G9P22d3A5g_2_im.h5,4yv2h5US12G9P22d3A5g_2_mito.h5,/projects/weilab/dataset/MitoLE/Kedar_4yv2h/4yv2h5US12G9P22d3A5g_2_im.h5,/projects/weilab/dataset/MitoLE/Kedar_4yv2h/4yv2h5US12G9P22d3A5g_2_mito.h5,"[119, 1024, 1024]","[16.0, 16.0, 16.0]"
4yv2h5us12g9p22d3a5g_0,Kedar_4yv2h,Kedar_4yv2h,4yv2h5us12g9p22d3a5g,0,4yv2h5US12G9P22d3A5g_0_im.h5,4yv2h5US12G9P22d3A5g_0_mito.h5,/projects/weilab/dataset/MitoLE/Kedar_4yv2h/4yv2h5US12G9P22d3A5g_0_im.h5,/projects/weilab/dataset/MitoLE/Kedar_4yv2h/4yv2h5US12G9P22d3A5g_0_mito.h5,"[256, 1024, 1024]","[16.0, 16.0, 16.0]"
kedar_f536_1,Kedar_f536,Kedar_f536,kedar,f536,kedar_f536_1_im.h5,kedar_f536_1_mito.h5,/projects/weilab/dataset/MitoLE/Kedar_f536/kedar_f536_1_im.h5,/projects/weilab/dataset/MitoLE/Kedar_f536/kedar_f536_1_mito.h5,"[256, 1024, 1024]","[16.0, 16.0, 16.0]"
kedar_f536_0,Kedar_f536,Kedar_f536,kedar,f536,kedar_f536_0_im.h5,kedar_f536_0_mito.h5,/projects/weilab/dataset/MitoLE/Kedar_f536/kedar_f536_0_im.h5,/projects/weilab/dataset/MitoLE/Kedar_f536/kedar_f536_0_mito.h5,"[256, 1024, 1024]","[16.0, 16.0, 16.0]"
kedar_f536_2,Kedar_f536,Kedar_f536,kedar,f536,kedar_f536_2_im.h5,kedar_f536_2_mito.h5,/projects/weilab/dataset/MitoLE/Kedar_f536/kedar_f536_2_im.h5,/projects/weilab/dataset/MitoLE/Kedar_f536/kedar_f536_2_mito.h5,"[256, 1024, 1024]","[16.0, 16.0, 16.0]"
kedar_f536_test0,Kedar_f536,Kedar_f536,kedar,f536,kedar_f536_test0_im.h5,kedar_f536_test0_mito.h5,/projects/weilab/dataset/MitoLE/Kedar_f536/kedar_f536_test0_im.h5,/projects/weilab/dataset/MitoLE/Kedar_f536/kedar_f536_test0_mito.h5,"[512, 1024, 1024]","[16.0, 16.0, 16.0]"
kedar_f536_test1,Kedar_f536,Kedar_f536,kedar,f536,kedar_f536_test1_im.h5,kedar_f536_test1_mito.h5,/projects/weilab/dataset/MitoLE/Kedar_f536/kedar_f536_test1_im.h5,/projects/weilab/dataset/MitoLE/Kedar_f536/kedar_f536_test1_mito.h5,"[512, 1024, 1024]","[16.0, 16.0, 16.0]"
kedar_f536_3,Kedar_f536,Kedar_f536,kedar,f536,kedar_f536_3_im.h5,kedar_f536_3_mito.h5,/projects/weilab/dataset/MitoLE/Kedar_f536/kedar_f536_3_im.h5,/projects/weilab/dataset/MitoLE/Kedar_f536/kedar_f536_3_mito.h5,"[256, 1024, 1024]","[16.0, 16.0, 16.0]"
kasthuri++_train,casser20,casser20,kasthuri,train,kasthuri++_train_im.h5,kasthuri++_train_mito.h5,/projects/weilab/dataset/MitoLE/casser20/kasthuri++_train_im.h5,/projects/weilab/dataset/MitoLE/casser20/kasthuri++_train_mito.h5,"[85, 806, 732]","[30.0, 12.0, 12.0]"
kasthuri++_test,casser20,casser20,kasthuri,test,kasthuri++_test_im.h5,kasthuri++_test_mito.h5,/projects/weilab/dataset/MitoLE/casser20/kasthuri++_test_im.h5,/projects/weilab/dataset/MitoLE/casser20/kasthuri++_test_mito.h5,"[75, 776, 667]","[30.0, 12.0, 12.0]"
jrc_zf-cardiac-1_recon-1_test1,cellmap24_cardiac,cellmap24_cardiac,jrc,cardiac,jrc_zf-cardiac-1_recon-1_test1_im.h5,jrc_zf-cardiac-1_recon-1_test1_mito.h5,/projects/weilab/dataset/MitoLE/cellmap24_cardiac/jrc_zf-cardiac-1_recon-1_test1_im.h5,/projects/weilab/dataset/MitoLE/cellmap24_cardiac/jrc_zf-cardiac-1_recon-1_test1_mito.h5,"[256, 1024, 1024]","[8.0, 8.0, 8.0]"
jrc_zf-cardiac-1_recon-1_test0,cellmap24_cardiac,cellmap24_cardiac,jrc,cardiac,jrc_zf-cardiac-1_recon-1_test0_im.h5,jrc_zf-cardiac-1_recon-1_test0_mito.h5,/projects/weilab/dataset/MitoLE/cellmap24_cardiac/jrc_zf-cardiac-1_recon-1_test0_im.h5,/projects/weilab/dataset/MitoLE/cellmap24_cardiac/jrc_zf-cardiac-1_recon-1_test0_mito.h5,"[256, 1024, 1024]","[8.0, 8.0, 8.0]"
jrc_zf-cardiac-1_recon-1_crop381,cellmap24_cardiac,cellmap24_cardiac,jrc,cardiac,jrc_zf-cardiac-1_recon-1_crop381_im.h5,jrc_zf-cardiac-1_recon-1_crop381_mito.h5,/projects/weilab/dataset/MitoLE/cellmap24_cardiac/jrc_zf-cardiac-1_recon-1_crop381_im.h5,/projects/weilab/dataset/MitoLE/cellmap24_cardiac/jrc_zf-cardiac-1_recon-1_crop381_mito.h5,"[1000, 400, 400]","[8.0, 8.0, 8.0]"
jrc_zf-cardiac-1_recon-1_crop380,cellmap24_cardiac,cellmap24_cardiac,jrc,cardiac,jrc_zf-cardiac-1_recon-1_crop380_im.h5,jrc_zf-cardiac-1_recon-1_crop380_mito.h5,/projects/weilab/dataset/MitoLE/cellmap24_cardiac/jrc_zf-cardiac-1_recon-1_crop380_im.h5,/projects/weilab/dataset/MitoLE/cellmap24_cardiac/jrc_zf-cardiac-1_recon-1_crop380_mito.h5,"[1000, 400, 400]","[8.0, 8.0, 8.0]"
jrc_jurkat-1_recon-1_crop182,cellmap24_jurkat,cellmap24_jurkat,human,jurkat,jrc_jurkat-1_recon-1_crop182_im.h5,jrc_jurkat-1_recon-1_crop182_mito.h5,/projects/weilab/dataset/MitoLE/cellmap24_jurkat/jrc_jurkat-1_recon-1_crop182_im.h5,/projects/weilab/dataset/MitoLE/cellmap24_jurkat/jrc_jurkat-1_recon-1_crop182_mito.h5,"[86, 100, 100]","[8.0, 8.0, 8.0]"
jrc_jurkat-1_recon-1_crop180,cellmap24_jurkat,cellmap24_jurkat,human,jurkat,jrc_jurkat-1_recon-1_crop180_im.h5,jrc_jurkat-1_recon-1_crop180_mito.h5,/projects/weilab/dataset/MitoLE/cellmap24_jurkat/jrc_jurkat-1_recon-1_crop180_im.h5,/projects/weilab/dataset/MitoLE/cellmap24_jurkat/jrc_jurkat-1_recon-1_crop180_mito.h5,"[86, 100, 100]","[8.0, 8.0, 8.0]"
jrc_jurkat-1_recon-1_crop37,cellmap24_jurkat,cellmap24_jurkat,human,jurkat,jrc_jurkat-1_recon-1_crop37_im.h5,jrc_jurkat-1_recon-1_crop37_mito.h5,/projects/weilab/dataset/MitoLE/cellmap24_jurkat/jrc_jurkat-1_recon-1_crop37_im.h5,/projects/weilab/dataset/MitoLE/cellmap24_jurkat/jrc_jurkat-1_recon-1_crop37_mito.h5,"[86, 100, 100]","[8.0, 8.0, 8.0]"
jrc_jurkat-1_recon-1_crop43,cellmap24_jurkat,cellmap24_jurkat,human,jurkat,jrc_jurkat-1_recon-1_crop43_im.h5,jrc_jurkat-1_recon-1_crop43_mito.h5,/projects/weilab/dataset/MitoLE/cellmap24_jurkat/jrc_jurkat-1_recon-1_crop43_im.h5,/projects/weilab/dataset/MitoLE/cellmap24_jurkat/jrc_jurkat-1_recon-1_crop43_mito.h5,"[111, 128, 128]","[8.0, 8.0, 8.0]"
jrc_jurkat-1_recon-1_crop38,cellmap24_jurkat,cellmap24_jurkat,human,jurkat,jrc_jurkat-1_recon-1_crop38_im.h5,jrc_jurkat-1_recon-1_crop38_mito.h5,/projects/weilab/dataset/MitoLE/cellmap24_jurkat/jrc_jurkat-1_recon-1_crop38_im.h5,/projects/weilab/dataset/MitoLE/cellmap24_jurkat/jrc_jurkat-1_recon-1_crop38_mito.h5,"[86, 100, 100]","[8.0, 8.0, 8.0]"
jrc_jurkat-1_recon-1_crop126,cellmap24_jurkat,cellmap24_jurkat,human,jurkat,jrc_jurkat-1_recon-1_crop126_im.h5,jrc_jurkat-1_recon-1_crop126_mito.h5,/projects/weilab/dataset/MitoLE/cellmap24_jurkat/jrc_jurkat-1_recon-1_crop126_im.h5,/projects/weilab/dataset/MitoLE/cellmap24_jurkat/jrc_jurkat-1_recon-1_crop126_mito.h5,"[86, 100, 100]","[8.0, 8.0, 8.0]"
jrc_jurkat-1_recon-1_test0,cellmap24_jurkat,cellmap24_jurkat,human,jurkat,jrc_jurkat-1_recon-1_test0_im.h5,jrc_jurkat-1_recon-1_test0_mito.h5,/projects/weilab/dataset/MitoLE/cellmap24_jurkat/jrc_jurkat-1_recon-1_test0_im.h5,/projects/weilab/dataset/MitoLE/cellmap24_jurkat/jrc_jurkat-1_recon-1_test0_mito.h5,"[256, 1024, 1024]","[8.0, 8.0, 8.0]"
jrc_jurkat-1_recon-1_test1,cellmap24_jurkat,cellmap24_jurkat,human,jurkat,jrc_jurkat-1_recon-1_test1_im.h5,jrc_jurkat-1_recon-1_test1_mito.h5,/projects/weilab/dataset/MitoLE/cellmap24_jurkat/jrc_jurkat-1_recon-1_test1_im.h5,/projects/weilab/dataset/MitoLE/cellmap24_jurkat/jrc_jurkat-1_recon-1_test1_mito.h5,"[256, 1024, 1024]","[8.0, 8.0, 8.0]"
jrc_jurkat-1_recon-1_crop112,cellmap24_jurkat,cellmap24_jurkat,human,jurkat,jrc_jurkat-1_recon-1_crop112_im.h5,jrc_jurkat-1_recon-1_crop112_mito.h5,/projects/weilab/dataset/MitoLE/cellmap24_jurkat/jrc_jurkat-1_recon-1_crop112_im.h5,/projects/weilab/dataset/MitoLE/cellmap24_jurkat/jrc_jurkat-1_recon-1_crop112_mito.h5,"[216, 125, 250]","[8.0, 8.0, 8.0]"
jrc_mus-kidney_recon-1_crop230,cellmap24_kidney,cellmap24_kidney,jrc,kidney,jrc_mus-kidney_recon-1_crop230_im.h5,jrc_mus-kidney_recon-1_crop230_mito.h5,/projects/weilab/dataset/MitoLE/cellmap24_kidney/jrc_mus-kidney_recon-1_crop230_im.h5,/projects/weilab/dataset/MitoLE/cellmap24_kidney/jrc_mus-kidney_recon-1_crop230_mito.h5,"[400, 400, 400]","[8.0, 8.0, 8.0]"
jrc_mus-kidney_recon-1_crop184,cellmap24_kidney,cellmap24_kidney,jrc,kidney,jrc_mus-kidney_recon-1_crop184_im.h5,jrc_mus-kidney_recon-1_crop184_mito.h5,/projects/weilab/dataset/MitoLE/cellmap24_kidney/jrc_mus-kidney_recon-1_crop184_im.h5,/projects/weilab/dataset/MitoLE/cellmap24_kidney/jrc_mus-kidney_recon-1_crop184_mito.h5,"[400, 300, 300]","[8.0, 8.0, 8.0]"
jrc_mus-kidney_recon-1_test0,cellmap24_kidney,cellmap24_kidney,jrc,kidney,jrc_mus-kidney_recon-1_test0_im.h5,jrc_mus-kidney_recon-1_test0_mito.h5,/projects/weilab/dataset/MitoLE/cellmap24_kidney/jrc_mus-kidney_recon-1_test0_im.h5,/projects/weilab/dataset/MitoLE/cellmap24_kidney/jrc_mus-kidney_recon-1_test0_mito.h5,"[256, 1024, 1024]","[8.0, 8.0, 8.0]"
jrc_mus-kidney_recon-1_crop229,cellmap24_kidney,cellmap24_kidney,jrc,kidney,jrc_mus-kidney_recon-1_crop229_im.h5,jrc_mus-kidney_recon-1_crop229_mito.h5,/projects/weilab/dataset/MitoLE/cellmap24_kidney/jrc_mus-kidney_recon-1_crop229_im.h5,/projects/weilab/dataset/MitoLE/cellmap24_kidney/jrc_mus-kidney_recon-1_crop229_mito.h5,"[150, 250, 350]","[8.0, 8.0, 8.0]"
jrc_mus-kidney_recon-1_test1,cellmap24_kidney,cellmap24_kidney,jrc,kidney,jrc_mus-kidney_recon-1_test1_im.h5,jrc_mus-kidney_recon-1_test1_mito.h5,/projects/weilab/dataset/MitoLE/cellmap24_kidney/jrc_mus-kidney_recon-1_test1_im.h5,/projects/weilab/dataset/MitoLE/cellmap24_kidney/jrc_mus-kidney_recon-1_test1_mito.h5,"[256, 1024, 1024]","[8.0, 8.0, 8.0]"
jrc_mus-kidney_recon-1_crop156,cellmap24_kidney,cellmap24_kidney,jrc,kidney,jrc_mus-kidney_recon-1_crop156_im.h5,jrc_mus-kidney_recon-1_crop156_mito.h5,/projects/weilab/dataset/MitoLE/cellmap24_kidney/jrc_mus-kidney_recon-1_crop156_im.h5,/projects/weilab/dataset/MitoLE/cellmap24_kidney/jrc_mus-kidney_recon-1_crop156_mito.h5,"[150, 150, 150]","[8.0, 8.0, 8.0]"
jrc_mus-kidney_recon-1_crop231,cellmap24_kidney,cellmap24_kidney,jrc,kidney,jrc_mus-kidney_recon-1_crop231_im.h5,jrc_mus-kidney_recon-1_crop231_mito.h5,/projects/weilab/dataset/MitoLE/cellmap24_kidney/jrc_mus-kidney_recon-1_crop231_im.h5,/projects/weilab/dataset/MitoLE/cellmap24_kidney/jrc_mus-kidney_recon-1_crop231_mito.h5,"[400, 400, 400]","[8.0, 8.0, 8.0]"
jrc_mus-kidney_recon-1_crop221,cellmap24_kidney,cellmap24_kidney,jrc,kidney,jrc_mus-kidney_recon-1_crop221_im.h5,jrc_mus-kidney_recon-1_crop221_mito.h5,/projects/weilab/dataset/MitoLE/cellmap24_kidney/jrc_mus-kidney_recon-1_crop221_im.h5,/projects/weilab/dataset/MitoLE/cellmap24_kidney/jrc_mus-kidney_recon-1_crop221_mito.h5,"[300, 300, 300]","[8.0, 8.0, 8.0]"
jrc_mus-kidney_recon-1_crop129,cellmap24_kidney,cellmap24_kidney,jrc,kidney,jrc_mus-kidney_recon-1_crop129_im.h5,jrc_mus-kidney_recon-1_crop129_mito.h5,/projects/weilab/dataset/MitoLE/cellmap24_kidney/jrc_mus-kidney_recon-1_crop129_im.h5,/projects/weilab/dataset/MitoLE/cellmap24_kidney/jrc_mus-kidney_recon-1_crop129_mito.h5,"[150, 150, 150]","[8.0, 8.0, 8.0]"
jrc_mus-liver_recon-1_test0,cellmap24_liver,cellmap24_liver,jrc,liver,jrc_mus-liver_recon-1_test0_im.h5,jrc_mus-liver_recon-1_test0_mito.h5,/projects/weilab/dataset/MitoLE/cellmap24_liver/jrc_mus-liver_recon-1_test0_im.h5,/projects/weilab/dataset/MitoLE/cellmap24_liver/jrc_mus-liver_recon-1_test0_mito.h5,"[256, 1024, 1024]","[8.0, 8.0, 8.0]"
jrc_mus-liver-zon-2_recon-1_crop355,cellmap24_liver,cellmap24_liver,jrc,liver,jrc_mus-liver-zon-2_recon-1_crop355_im.h5,jrc_mus-liver-zon-2_recon-1_crop355_mito.h5,/projects/weilab/dataset/MitoLE/cellmap24_liver/jrc_mus-liver-zon-2_recon-1_crop355_im.h5,/projects/weilab/dataset/MitoLE/cellmap24_liver/jrc_mus-liver-zon-2_recon-1_crop355_mito.h5,"[400, 400, 400]","[8.0, 8.0, 8.0]"
jrc_mus-liver-zon-2_recon-1_crop356,cellmap24_liver,cellmap24_liver,jrc,liver,jrc_mus-liver-zon-2_recon-1_crop356_im.h5,jrc_mus-liver-zon-2_recon-1_crop356_mito.h5,/projects/weilab/dataset/MitoLE/cellmap24_liver/jrc_mus-liver-zon-2_recon-1_crop356_im.h5,/projects/weilab/dataset/MitoLE/cellmap24_liver/jrc_mus-liver-zon-2_recon-1_crop356_mito.h5,"[400, 400, 400]","[8.0, 8.0, 8.0]"
jrc_mus-liver-zon-1_recon-1_crop345,cellmap24_liver,cellmap24_liver,jrc,liver,jrc_mus-liver-zon-1_recon-1_crop345_im.h5,jrc_mus-liver-zon-1_recon-1_crop345_mito.h5,/projects/weilab/dataset/MitoLE/cellmap24_liver/jrc_mus-liver-zon-1_recon-1_crop345_im.h5,/projects/weilab/dataset/MitoLE/cellmap24_liver/jrc_mus-liver-zon-1_recon-1_crop345_mito.h5,"[400, 400, 400]","[8.0, 8.0, 8.0]"
jrc_mus-liver_recon-1_test1,cellmap24_liver,cellmap24_liver,jrc,liver,jrc_mus-liver_recon-1_test1_im.h5,jrc_mus-liver_recon-1_test1_mito.h5,/projects/weilab/dataset/MitoLE/cellmap24_liver/jrc_mus-liver_recon-1_test1_im.h5,/projects/weilab/dataset/MitoLE/cellmap24_liver/jrc_mus-liver_recon-1_test1_mito.h5,"[256, 1024, 1024]","[8.0, 8.0, 8.0]"
jrc_macrophage-2_recon-1_crop110,cellmap24_macrophage,cellmap24_macrophage,human,macrophage,jrc_macrophage-2_recon-1_crop110_im.h5,jrc_macrophage-2_recon-1_crop110_mito.h5,/projects/weilab/dataset/MitoLE/cellmap24_macrophage/jrc_macrophage-2_recon-1_crop110_im.h5,/projects/weilab/dataset/MitoLE/cellmap24_macrophage/jrc_macrophage-2_recon-1_crop110_mito.h5,"[210, 125, 251]","[8.0, 8.0, 8.0]"
jrc_macrophage-2_recon-1_test0,cellmap24_macrophage,cellmap24_macrophage,human,macrophage,jrc_macrophage-2_recon-1_test0_im.h5,jrc_macrophage-2_recon-1_test0_mito.h5,/projects/weilab/dataset/MitoLE/cellmap24_macrophage/jrc_macrophage-2_recon-1_test0_im.h5,/projects/weilab/dataset/MitoLE/cellmap24_macrophage/jrc_macrophage-2_recon-1_test0_mito.h5,"[256, 1024, 1024]","[8.0, 8.0, 8.0]"
jrc_macrophage-2_recon-1_test1,cellmap24_macrophage,cellmap24_macrophage,human,macrophage,jrc_macrophage-2_recon-1_test1_im.h5,jrc_macrophage-2_recon-1_test1_mito.h5,/projects/weilab/dataset/MitoLE/cellmap24_macrophage/jrc_macrophage-2_recon-1_test1_im.h5,/projects/weilab/dataset/MitoLE/cellmap24_macrophage/jrc_macrophage-2_recon-1_test1_mito.h5,"[256, 1024, 1024]","[8.0, 8.0, 8.0]"
jrc_macrophage-2_recon-1_crop39,cellmap24_macrophage,cellmap24_macrophage,human,macrophage,jrc_macrophage-2_recon-1_crop39_im.h5,jrc_macrophage-2_recon-1_crop39_mito.h5,/projects/weilab/dataset/MitoLE/cellmap24_macrophage/jrc_macrophage-2_recon-1_crop39_im.h5,/projects/weilab/dataset/MitoLE/cellmap24_macrophage/jrc_macrophage-2_recon-1_crop39_mito.h5,"[84, 100, 100]","[8.0, 8.0, 8.0]"
jrc_macrophage-2_recon-1_crop48,cellmap24_macrophage,cellmap24_macrophage,human,macrophage,jrc_macrophage-2_recon-1_crop48_im.h5,jrc_macrophage-2_recon-1_crop48_mito.h5,/projects/weilab/dataset/MitoLE/cellmap24_macrophage/jrc_macrophage-2_recon-1_crop48_im.h5,/projects/weilab/dataset/MitoLE/cellmap24_macrophage/jrc_macrophage-2_recon-1_crop48_mito.h5,"[108, 128, 128]","[8.0, 8.0, 8.0]"
jrc_macrophage-2_recon-1_crop32,cellmap24_macrophage,cellmap24_macrophage,human,macrophage,jrc_macrophage-2_recon-1_crop32_im.h5,jrc_macrophage-2_recon-1_crop32_mito.h5,/projects/weilab/dataset/MitoLE/cellmap24_macrophage/jrc_macrophage-2_recon-1_crop32_im.h5,/projects/weilab/dataset/MitoLE/cellmap24_macrophage/jrc_macrophage-2_recon-1_crop32_mito.h5,"[84, 100, 100]","[8.0, 8.0, 8.0]"
jrc_macrophage-2_recon-1_crop31,cellmap24_macrophage,cellmap24_macrophage,human,macrophage,jrc_macrophage-2_recon-1_crop31_im.h5,jrc_macrophage-2_recon-1_crop31_mito.h5,/projects/weilab/dataset/MitoLE/cellmap24_macrophage/jrc_macrophage-2_recon-1_crop31_im.h5,/projects/weilab/dataset/MitoLE/cellmap24_macrophage/jrc_macrophage-2_recon-1_crop31_mito.h5,"[63, 75, 75]","[8.0, 8.0, 8.0]"
pinky_stitched_vol19-vol34_realigned,existing/microns,existing/microns,pinky,stitched,pinky_stitched_vol19-vol34_realigned_im.h5,pinky_stitched_vol19-vol34_realigned_mito.h5,/projects/weilab/dataset/MitoLE/existing/microns/pinky_stitched_vol19-vol34_realigned_im.h5,/projects/weilab/dataset/MitoLE/existing/microns/pinky_stitched_vol19-vol34_realigned_mito.h5,"[132, 2432, 2432]","[40.0, 8.0, 8.0]"
pinky_vol104,existing/microns,existing/microns,pinky,vol104,pinky_vol104_im.h5,pinky_vol104_mito.h5,/projects/weilab/dataset/MitoLE/existing/microns/pinky_vol104_im.h5,/projects/weilab/dataset/MitoLE/existing/microns/pinky_vol104_mito.h5,"[58, 1388, 1112]","[40.0, 8.0, 8.0]"
pinky_vol102,existing/microns,existing/microns,pinky,vol102,pinky_vol102_im.h5,pinky_vol102_mito.h5,/projects/weilab/dataset/MitoLE/existing/microns/pinky_vol102_im.h5,/projects/weilab/dataset/MitoLE/existing/microns/pinky_vol102_mito.h5,"[53, 1002, 868]","[40.0, 8.0, 8.0]"
pinky_vol101,existing/microns,existing/microns,pinky,vol101,pinky_vol101_im.h5,pinky_vol101_mito.h5,/projects/weilab/dataset/MitoLE/existing/microns/pinky_vol101_im.h5,/projects/weilab/dataset/MitoLE/existing/microns/pinky_vol101_mito.h5,"[48, 1462, 1170]","[40.0, 8.0, 8.0]"
pinky_vol503,existing/microns,existing/microns,pinky,vol503,pinky_vol503_im.h5,pinky_vol503_mito.h5,/projects/weilab/dataset/MitoLE/existing/microns/pinky_vol503_im.h5,/projects/weilab/dataset/MitoLE/existing/microns/pinky_vol503_mito.h5,"[132, 1024, 1024]","[40.0, 8.0, 8.0]"
pinky_stitched_vol40-vol41,existing/microns,existing/microns,pinky,stitched,pinky_stitched_vol40-vol41_im.h5,pinky_stitched_vol40-vol41_mito.h5,/projects/weilab/dataset/MitoLE/existing/microns/pinky_stitched_vol40-vol41_im.h5,/projects/weilab/dataset/MitoLE/existing/microns/pinky_stitched_vol40-vol41_mito.h5,"[102, 1536, 1024]","[40.0, 8.0, 8.0]"
pinky_vol103,existing/microns,existing/microns,pinky,vol103,pinky_vol103_im.h5,pinky_vol103_mito.h5,/projects/weilab/dataset/MitoLE/existing/microns/pinky_vol103_im.h5,/projects/weilab/dataset/MitoLE/existing/microns/pinky_vol103_mito.h5,"[48, 912, 862]","[40.0, 8.0, 8.0]"
pinky_stitched_vol19-vol34,existing/microns,existing/microns,pinky,stitched,pinky_stitched_vol19-vol34_im.h5,pinky_stitched_vol19-vol34_mito.h5,/projects/weilab/dataset/MitoLE/existing/microns/pinky_stitched_vol19-vol34_im.h5,/projects/weilab/dataset/MitoLE/existing/microns/pinky_stitched_vol19-vol34_mito.h5,"[100, 2048, 2048]","[40.0, 8.0, 8.0]"
pinky_vol501,existing/microns,existing/microns,pinky,vol501,pinky_vol501_im.h5,pinky_vol501_mito.h5,/projects/weilab/dataset/MitoLE/existing/microns/pinky_vol501_im.h5,/projects/weilab/dataset/MitoLE/existing/microns/pinky_vol501_mito.h5,"[144, 1536, 1536]","[40.0, 8.0, 8.0]"
pinky_vol401,existing/microns,existing/microns,pinky,vol401,pinky_vol401_im.h5,pinky_vol401_mito.h5,/projects/weilab/dataset/MitoLE/existing/microns/pinky_vol401_im.h5,/projects/weilab/dataset/MitoLE/existing/microns/pinky_vol401_mito.h5,"[132, 1024, 1024]","[40.0, 8.0, 8.0]"
pinky_vol502,existing/microns,existing/microns,pinky,vol502,pinky_vol502_im.h5,pinky_vol502_mito.h5,/projects/weilab/dataset/MitoLE/existing/microns/pinky_vol502_im.h5,/projects/weilab/dataset/MitoLE/existing/microns/pinky_vol502_mito.h5,"[132, 1024, 1024]","[40.0, 8.0, 8.0]"
vol1,guay21,guay21,vol1,vol1,vol1_im.h5,vol1_mito.h5,/projects/weilab/dataset/MitoLE/guay21/vol1_im.h5,/projects/weilab/dataset/MitoLE/guay21/vol1_mito.h5,"[24, 800, 800]","[50.0, 10.0, 10.0]"
vol2,guay21,guay21,vol2,vol2,vol2_im.h5,vol2_mito.h5,/projects/weilab/dataset/MitoLE/guay21/vol2_im.h5,/projects/weilab/dataset/MitoLE/guay21/vol2_mito.h5,"[121, 609, 400]","[50.0, 10.0, 10.0]"
vol0,guay21,guay21,vol0,vol0,vol0_im.h5,vol0_mito.h5,/projects/weilab/dataset/MitoLE/guay21/vol0_im.h5,/projects/weilab/dataset/MitoLE/guay21/vol0_mito.h5,"[50, 800, 800]","[50.0, 10.0, 10.0]"
vol0,haberl18,haberl18,vol0,vol0,vol0_im.h5,vol0_mito.h5,/projects/weilab/dataset/MitoLE/haberl18/vol0_im.h5,/projects/weilab/dataset/MitoLE/haberl18/vol0_mito.h5,"[20, 256, 256]","[24.0, 10.0, 10.0]"
vol1,haberl18,haberl18,vol1,vol1,vol1_im.h5,vol1_mito.h5,/projects/weilab/dataset/MitoLE/haberl18/vol1_im.h5,/projects/weilab/dataset/MitoLE/haberl18/vol1_mito.h5,"[10, 256, 256]","[24.0, 10.0, 10.0]"
neg1,han24,han24,neg1,neg1,neg1_im.h5,neg1_mito.h5,/projects/weilab/dataset/MitoLE/han24/neg1_im.h5,/projects/weilab/dataset/MitoLE/han24/neg1_mito.h5,"[374, 1110, 1056]","[40.0, 8.0, 8.0]"
pos1,han24,han24,pos1,pos1,pos1_im.h5,pos1_mito.h5,/projects/weilab/dataset/MitoLE/han24/pos1_im.h5,/projects/weilab/dataset/MitoLE/han24/pos1_mito.h5,"[371, 1640, 1632]","[40.0, 8.0, 8.0]"
pos0,han24,han24,pos0,pos0,pos0_im.h5,pos0_mito.h5,/projects/weilab/dataset/MitoLE/han24/pos0_im.h5,/projects/weilab/dataset/MitoLE/han24/pos0_mito.h5,"[362, 1756, 1650]","[40.0, 8.0, 8.0]"
pos2,han24,han24,pos2,pos2,pos2_im.h5,pos2_mask.h5,/projects/weilab/dataset/MitoLE/han24/pos2_im.h5,/projects/weilab/dataset/MitoLE/han24/pos2_mask.h5,"[281, 1343, 1243]","[40.0, 8.0, 8.0]"
neg0,han24,han24,neg0,neg0,neg0_im.h5,neg0_mito.h5,/projects/weilab/dataset/MitoLE/han24/neg0_im.h5,/projects/weilab/dataset/MitoLE/han24/neg0_mito.h5,"[265, 1204, 1204]","[40.0, 8.0, 8.0]"
vol1,jiang25,jiang25,vol1,vol1,vol1_im.h5,vol1_mito.h5,/projects/weilab/dataset/MitoLE/jiang25/vol1_im.h5,/projects/weilab/dataset/MitoLE/jiang25/vol1_mito.h5,"[100, 1000, 1000]","[40.0, 15.0, 15.0]"
vol2,jiang25,jiang25,vol2,vol2,vol2_im.h5,vol2_mito.h5,/projects/weilab/dataset/MitoLE/jiang25/vol2_im.h5,/projects/weilab/dataset/MitoLE/jiang25/vol2_mito.h5,"[100, 1000, 1000]","[40.0, 15.0, 15.0]"
vol0,jiang25,jiang25,vol0,vol0,vol0_im.h5,vol0_mito.h5,/projects/weilab/dataset/MitoLE/jiang25/vol0_im.h5,/projects/weilab/dataset/MitoLE/jiang25/vol0_mito.h5,"[100, 1000, 1000]","[40.0, 15.0, 15.0]"
lucchi++,lucchi,lucchi,lucchi,lucchi,lucchi++_im.h5,lucchi++_mito.h5,/projects/weilab/dataset/MitoLE/lucchi/lucchi++_im.h5,/projects/weilab/dataset/MitoLE/lucchi/lucchi++_mito.h5,"[82, 768, 512]","[10.0, 10.0, 10.0]"
fly_brain,mitoNet_easy,mitoNet_easy,fly,brain,fly_brain_im.h5,fly_brain_mito.h5,/projects/weilab/dataset/MitoLE/mitoNet_easy/fly_brain_im.h5,/projects/weilab/dataset/MitoLE/mitoNet_easy/fly_brain_mito.h5,"[256, 255, 255]","[15.0, 15.0, 15.0]"
hela_cell,mitoNet_easy,mitoNet_easy,human,cell,hela_cell_im.h5,hela_cell_mito.h5,/projects/weilab/dataset/MitoLE/mitoNet_easy/hela_cell_im.h5,/projects/weilab/dataset/MitoLE/mitoNet_easy/hela_cell_mito.h5,"[256, 256, 256]","[15.0, 15.0, 15.0]"
glycolytic_muscle,mitoNet_easy,mitoNet_easy,glycolytic,muscle,glycolytic_muscle_im.h5,glycolytic_muscle_mito.h5,/projects/weilab/dataset/MitoLE/mitoNet_easy/glycolytic_muscle_im.h5,/projects/weilab/dataset/MitoLE/mitoNet_easy/glycolytic_muscle_mito.h5,"[302, 383, 765]","[15.0, 15.0, 15.0]"
salivary_gland,mitoNet_hard,mitoNet_hard,salivary,gland,salivary_gland_im.h5,salivary_gland_mito.h5,/projects/weilab/dataset/MitoLE/mitoNet_hard/salivary_gland_im.h5,/projects/weilab/dataset/MitoLE/mitoNet_hard/salivary_gland_mito.h5,"[1260, 1081, 1200]","[15.0, 15.0, 15.0]"
c_elegans,mitoNet_hard,mitoNet_hard,c_elegans,elegans,c_elegans_im.h5,c_elegans_mito.h5,/projects/weilab/dataset/MitoLE/mitoNet_hard/c_elegans_im.h5,/projects/weilab/dataset/MitoLE/mitoNet_hard/c_elegans_mito.h5,"[256, 256, 256]","[15.0, 15.0, 15.0]"
fib1-4-3-0,urocell,urocell,fib1,4,fib1-4-3-0_im.h5,fib1-4-3-0_mito.h5,/projects/weilab/dataset/MitoLE/urocell/fib1-4-3-0_im.h5,/projects/weilab/dataset/MitoLE/urocell/fib1-4-3-0_mito.h5,"[256, 256, 256]","[15.0, 16.0, 16.0]"
fib1-3-2-1,urocell,urocell,fib1,3,fib1-3-2-1_im.h5,fib1-3-2-1_mito.h5,/projects/weilab/dataset/MitoLE/urocell/fib1-3-2-1_im.h5,/projects/weilab/dataset/MitoLE/urocell/fib1-3-2-1_mito.h5,"[256, 256, 256]","[15.0, 16.0, 16.0]"
fib1-1-0-3,urocell,urocell,fib1,1,fib1-1-0-3_im.h5,fib1-1-0-3_mito.h5,/projects/weilab/dataset/MitoLE/urocell/fib1-1-0-3_im.h5,/projects/weilab/dataset/MitoLE/urocell/fib1-1-0-3_mito.h5,"[256, 256, 256]","[15.0, 16.0, 16.0]"
fib1-3-3-0,urocell,urocell,fib1,3,fib1-3-3-0_im.h5,fib1-3-3-0_mito.h5,/projects/weilab/dataset/MitoLE/urocell/fib1-3-3-0_im.h5,/projects/weilab/dataset/MitoLE/urocell/fib1-3-3-0_mito.h5,"[256, 256, 256]","[15.0, 16.0, 16.0]"
fib1-0-0-0,urocell,urocell,fib1,0,fib1-0-0-0_im.h5,fib1-0-0-0_mito.h5,/projects/weilab/dataset/MitoLE/urocell/fib1-0-0-0_im.h5,/projects/weilab/dataset/MitoLE/urocell/fib1-0-0-0_mito.h5,"[256, 256, 256]","[15.0, 16.0, 16.0]"
mitoem-h_den_train,wei20,wei20,mitoem,h,mitoEM-H_den_train_im.h5,mitoEM-H_den_train_mito.h5,/projects/weilab/dataset/MitoLE/wei20/mitoEM-H_den_train_im.h5,/projects/weilab/dataset/MitoLE/wei20/mitoEM-H_den_train_mito.h5,"[500, 4096, 4096]","[30.0, 8.0, 8.0]"
mitoem-h_den_test,wei20,wei20,mitoem,h,mitoEM-H_den_test_im.h5,mitoEM-H_den_test_mito.h5,/projects/weilab/dataset/MitoLE/wei20/mitoEM-H_den_test_im.h5,/projects/weilab/dataset/MitoLE/wei20/mitoEM-H_den_test_mito.h5,"[500, 4096, 4096]","[30.0, 8.0, 8.0]"
mitoem-h_den,wei20,wei20,mitoem,h,mitoEM-H_den_im.h5,mitoEM-H_den_mask.h5,/projects/weilab/dataset/MitoLE/wei20/mitoEM-H_den_im.h5,/projects/weilab/dataset/MitoLE/wei20/mitoEM-H_den_mask.h5,"[500, 4096, 4096]","[30.0, 8.0, 8.0]"
pc2-0,wilson19,wilson19,pc2,0,pc2-0_im.h5,pc2-0_mask.h5,/projects/weilab/dataset/MitoLE/wilson19/pc2-0_im.h5,/projects/weilab/dataset/MitoLE/wilson19/pc2-0_mask.h5,"[256, 1024, 1024]","[16.0, 16.0, 16.0]"
pc9-0,wilson19,wilson19,pc9,0,pc9-0_im.h5,pc9-0_mask.h5,/projects/weilab/dataset/MitoLE/wilson19/pc9-0_im.h5,/projects/weilab/dataset/MitoLE/wilson19/pc9-0_mask.h5,"[256, 1024, 1024]","[16.0, 16.0, 16.0]"
pc9-1,wilson19,wilson19,pc9,1,pc9-1_im.h5,pc9-1_mask.h5,/projects/weilab/dataset/MitoLE/wilson19/pc9-1_im.h5,/projects/weilab/dataset/MitoLE/wilson19/pc9-1_mask.h5,"[256, 1024, 1024]","[16.0, 16.0, 16.0]"
vol0,xiao18,xiao18,vol0,vol0,vol0_im.h5,vol0_mito.h5,/projects/weilab/dataset/MitoLE/xiao18/vol0_im.h5,/projects/weilab/dataset/MitoLE/xiao18/vol0_mito.h5,"[31, 2104, 2156]","[50.0, 8.0, 8.0]"
